Rk,Player,Age,Team,Pos,G,GS,MP,PER,TS%,3PAr,FTr,ORB%,DRB%,TRB%,AST%,STL%,BLK%,TOV%,USG%,OWS,DWS,WS,WS/48,OBPM,DBPM,BPM,VORP,Season
1,LeBron James,22,CLE,SF,78,78,3190,24.5,0.552,0.191,0.432,3.0,16.6,9.6,29.1,2.1,1.3,11.5,31.0,8.0,5.7,13.7,0.206,5.9,2.2,8.1,8.1,2006-2007
2,Dirk Nowitzki,28,DAL,PF,78,78,2820,27.6,0.605,0.129,0.411,5.3,23.9,14.8,17.8,1.0,1.7,9.5,28.9,11.8,4.5,16.3,0.278,7.2,1.2,8.3,7.4,2006-2007
3,Tim Duncan,30,SAS,C,80,80,2726,26.1,0.579,0.008,0.502,9.8,27.0,18.8,18.8,1.3,5.1,14.0,27.9,6.3,6.8,13.0,0.23,3.8,3.2,7.0,6.2,2006-2007
4,Kobe Bryant,28,LAL,SG,77,77,3140,26.1,0.58,0.227,0.437,2.8,13.5,8.2,25.5,1.8,0.9,10.9,33.6,10.8,2.2,13.0,0.199,6.4,-0.5,5.9,6.1,2006-2007
5,Kevin Garnett,30,MIN,PF,76,76,2995,24.1,0.546,0.042,0.371,7.5,30.8,19.5,19.5,1.6,3.2,11.6,27.4,5.7,4.9,10.7,0.171,3.8,1.7,5.4,5.5,2006-2007
6,Steve Nash,32,PHO,PG,76,76,2682,23.8,0.654,0.353,0.254,1.4,9.9,5.8,50.1,1.1,0.2,21.0,22.9,10.8,1.7,12.6,0.225,6.7,-0.8,5.9,5.3,2006-2007
7,Tracy McGrady,27,HOU,SG,71,71,2539,23.2,0.515,0.257,0.33,2.6,14.5,8.6,37.5,1.9,1.1,11.2,35.0,4.1,4.5,8.6,0.163,4.9,1.2,6.1,5.2,2006-2007
8,Manu Ginóbili,29,SAS,SG,75,36,2060,24.1,0.609,0.378,0.436,3.6,15.1,9.6,22.6,2.8,1.0,13.4,27.1,6.3,4.3,10.6,0.246,5.3,2.5,7.8,5.1,2006-2007
9,Gilbert Arenas,25,WAS,PG,74,73,2942,24.0,0.565,0.377,0.464,2.3,11.1,6.6,27.2,2.4,0.3,11.2,31.4,9.3,1.5,10.8,0.177,5.5,-0.8,4.7,5.0,2006-2007
10,Jason Kidd,33,NJN,PG,80,80,2933,19.4,0.516,0.398,0.253,5.5,20.8,13.2,41.4,2.3,0.6,17.4,19.4,5.1,4.1,9.3,0.152,3.1,1.5,4.7,4.9,2006-2007
11,Dwyane Wade,25,MIA,SG,51,50,1931,28.9,0.583,0.082,0.556,3.2,11.2,7.3,40.5,3.0,2.5,15.3,34.7,5.9,2.9,8.8,0.219,6.3,1.8,8.2,4.9,2006-2007
12,Shawn Marion,28,PHO,SF,80,80,3010,20.8,0.594,0.235,0.232,7.0,22.6,15.2,6.7,2.6,2.8,8.8,19.3,6.7,5.3,12.0,0.191,2.4,1.9,4.4,4.8,2006-2007
13,Elton Brand,27,LAC,PF,80,80,3077,23.1,0.581,0.001,0.381,10.5,18.3,14.5,14.7,1.3,4.5,12.5,24.3,7.2,4.3,11.5,0.18,3.4,0.8,4.2,4.8,2006-2007
14,Vince Carter,30,NJN,SG,82,82,3126,21.8,0.559,0.273,0.36,4.3,14.2,9.3,25.1,1.4,0.8,10.5,30.8,7.4,3.1,10.5,0.161,4.3,-0.4,3.9,4.6,2006-2007
15,Chauncey Billups,30,DET,PG,70,70,2533,21.3,0.591,0.388,0.536,1.1,10.0,5.6,32.9,1.8,0.5,12.2,21.5,8.7,2.7,11.4,0.216,4.2,0.5,4.7,4.3,2006-2007
16,Carlos Boozer,25,UTA,PF,74,74,2557,24.1,0.588,0.0,0.322,11.2,29.9,20.6,16.6,1.4,0.7,12.8,26.5,6.5,3.4,9.9,0.185,4.4,0.2,4.6,4.3,2006-2007
17,Jason Terry,29,DAL,SG,81,80,2846,18.9,0.587,0.348,0.187,1.8,7.9,4.9,25.5,1.5,0.5,11.7,21.3,7.7,3.1,10.8,0.182,3.9,0.1,4.0,4.3,2006-2007
18,Chris Paul,21,NOK,PG,64,64,2353,22.0,0.537,0.164,0.41,2.6,11.3,6.9,41.3,2.7,0.1,13.5,23.1,6.2,2.6,8.8,0.179,3.6,1.4,5.0,4.2,2006-2007
19,Marcus Camby,32,DEN,C,70,70,2369,19.1,0.519,0.003,0.335,7.9,30.5,19.4,14.1,1.8,7.0,13.9,15.9,2.5,5.1,7.6,0.155,0.8,3.9,4.7,4.0,2006-2007
20,Luol Deng,21,CHI,SF,82,82,3071,18.7,0.56,0.006,0.295,5.5,15.9,10.8,11.8,1.6,1.2,10.0,22.2,5.7,5.6,11.3,0.176,1.7,1.3,3.0,3.9,2006-2007
1,Allen Iverson,32,DEN,SG,82,82,3424,20.9,0.567,0.177,0.512,1.5,6.1,3.8,27.4,2.2,0.2,11.4,26.7,8.9,2.8,11.6,0.163,3.4,-0.7,2.7,4.0,2007-2008
2,Joe Johnson,26,ATL,SG,82,82,3343,17.3,0.535,0.297,0.253,2.9,9.9,6.4,25.5,1.3,0.4,11.8,25.6,5.3,1.7,7.0,0.1,2.7,-1.5,1.2,2.7,2007-2008
3,Andre Iguodala,24,PHI,SF,82,82,3242,19.0,0.543,0.24,0.396,3.1,13.4,8.2,20.3,2.8,1.2,12.5,23.8,5.3,4.4,9.6,0.143,2.5,1.5,4.0,4.9,2007-2008
4,Richard Jefferson,27,NJN,SF,82,82,3200,17.4,0.571,0.16,0.511,3.4,9.0,6.2,15.0,1.2,0.5,10.9,26.1,6.1,1.5,7.6,0.114,1.6,-1.3,0.3,1.8,2007-2008
5,Baron Davis,28,GSW,PG,82,82,3196,19.8,0.523,0.344,0.278,3.1,10.1,6.4,29.7,2.9,1.0,11.9,25.6,5.9,2.8,8.7,0.131,3.2,0.3,3.6,4.5,2007-2008
6,Kobe Bryant,29,LAL,SG,82,82,3192,24.2,0.576,0.246,0.439,3.4,14.1,9.0,23.9,2.4,0.9,11.3,31.4,9.5,4.3,13.8,0.208,5.2,0.6,5.8,6.3,2007-2008
7,Jamal Crawford,27,NYK,SG,80,80,3190,16.0,0.528,0.355,0.274,1.3,6.3,3.7,22.0,1.3,0.4,11.0,24.6,4.6,0.4,5.0,0.076,2.1,-1.8,0.3,1.9,2007-2008
8,Jason Richardson,27,CHA,SF,82,82,3149,18.4,0.554,0.408,0.225,2.9,13.3,8.0,15.2,1.9,1.4,9.3,25.9,4.8,2.6,7.4,0.113,3.3,-0.3,3.0,4.0,2007-2008
9,Dwight Howard,22,ORL,C,82,82,3088,22.9,0.619,0.004,0.921,10.9,31.6,21.7,6.1,1.2,4.2,16.1,24.2,6.4,6.4,12.9,0.2,1.6,1.2,2.8,3.7,2007-2008
10,Rashard Lewis,28,ORL,PF,81,81,3076,16.7,0.591,0.487,0.229,3.8,12.2,8.2,10.5,1.7,0.9,10.1,20.7,6.1,3.7,9.8,0.153,2.7,0.4,3.1,4.0,2007-2008
11,Monta Ellis,22,GSW,SG,81,72,3071,19.0,0.58,0.042,0.34,4.5,9.8,7.0,15.8,2.0,0.6,10.9,21.7,7.1,1.8,9.0,0.14,1.8,-0.3,1.6,2.8,2007-2008
12,Antawn Jamison,31,WAS,PF,79,79,3061,20.3,0.525,0.25,0.309,8.0,23.3,15.4,7.2,1.9,0.9,6.6,25.9,6.0,3.2,9.2,0.144,3.1,-1.3,1.7,2.9,2007-2008
13,Deron Williams,23,UTA,PG,82,82,3059,20.8,0.595,0.188,0.368,1.4,8.3,4.9,43.6,1.5,0.6,17.7,23.1,8.9,2.3,11.3,0.177,4.9,-1.1,3.8,4.5,2007-2008
14,LeBron James,23,CLE,SF,75,74,3027,29.1,0.568,0.219,0.47,4.9,17.8,11.1,37.3,2.4,2.1,11.4,33.5,10.7,4.6,15.2,0.242,8.2,2.6,10.9,9.8,2007-2008
15,Hedo Türkoğlu,28,ORL,SF,82,82,3026,17.8,0.576,0.34,0.321,3.3,14.2,9.0,22.9,1.3,0.6,15.0,24.8,5.6,3.5,9.0,0.143,2.6,0.1,2.7,3.6,2007-2008
16,Andre Miller,31,PHI,PG,82,82,3016,18.4,0.537,0.029,0.288,3.7,9.1,6.4,32.0,1.8,0.2,13.7,22.6,5.7,2.6,8.3,0.131,2.1,-0.3,1.8,2.9,2007-2008
17,Chris Paul,22,NOH,PG,80,80,3006,28.3,0.576,0.193,0.302,2.4,10.3,6.2,52.2,3.9,0.1,12.1,25.7,13.2,4.6,17.8,0.284,7.2,3.2,10.4,9.3,2007-2008
18,Rudy Gay,21,MEM,SF,81,81,3000,17.4,0.546,0.286,0.233,5.2,13.5,9.3,9.3,1.9,1.9,11.3,25.0,2.9,2.1,5.0,0.08,1.5,-0.6,0.8,2.1,2007-2008
19,Raymond Felton,23,CHA,PG,79,79,2972,13.8,0.5,0.201,0.326,1.4,7.7,4.6,32.4,1.7,0.3,15.7,20.8,2.0,1.4,3.4,0.054,-0.6,-1.5,-2.1,-0.1,2007-2008
20,Ricky Davis,28,MIA,SF,82,47,2963,12.0,0.534,0.343,0.203,2.2,12.2,7.1,16.4,1.6,0.4,15.3,20.0,0.3,1.6,1.9,0.03,-1.0,-1.0,-2.0,0.0,2007-2008
1,LeBron James,24,CLE,SF,81,81,3054,31.7,0.591,0.238,0.472,4.3,19.0,11.9,38.0,2.4,2.4,11.0,33.8,13.7,6.5,20.3,0.318,9.5,3.7,13.2,11.8,2008-2009
2,Chris Paul,23,NOH,PG,78,78,3002,30.0,0.599,0.14,0.418,2.8,14.6,8.7,54.5,3.9,0.3,13.5,27.5,13.3,5.0,18.3,0.292,7.2,3.8,11.0,9.9,2008-2009
3,Dwyane Wade,27,MIA,SG,79,79,3048,30.4,0.574,0.16,0.443,3.5,12.2,7.8,40.3,3.0,2.8,11.6,36.2,10.3,4.4,14.7,0.232,8.2,2.4,10.6,9.6,2008-2009
4,Brandon Roy,24,POR,SG,78,78,2903,24.0,0.573,0.167,0.383,4.4,11.6,7.9,25.4,1.7,0.6,9.0,27.4,10.9,2.6,13.5,0.223,6.0,0.1,6.2,6.0,2008-2009
5,Kobe Bryant,30,LAL,SG,82,82,2960,24.4,0.561,0.196,0.329,3.5,12.8,8.2,23.8,2.1,1.0,9.7,32.2,8.6,4.0,12.7,0.206,5.6,0.3,5.9,5.9,2008-2009
6,Pau Gasol,28,LAL,C,81,81,2999,22.2,0.617,0.002,0.42,10.0,19.3,14.7,14.8,0.9,2.1,11.3,20.4,9.8,4.2,13.9,0.223,4.0,0.5,4.5,5.0,2008-2009
7,Dwight Howard,23,ORL,C,79,79,2821,25.4,0.6,0.002,0.867,13.8,29.5,21.8,7.3,1.4,5.9,15.1,26.1,6.2,7.6,13.8,0.234,2.1,2.4,4.5,4.7,2008-2009
8,Tim Duncan,32,SAS,C,75,75,2524,24.4,0.549,0.002,0.436,9.6,27.9,18.9,19.3,0.8,3.7,11.1,28.5,5.0,5.0,10.1,0.191,3.4,2.0,5.4,4.7,2008-2009
9,Ray Allen,33,BOS,SG,79,79,2876,17.3,0.624,0.467,0.239,2.9,8.6,5.9,12.6,1.3,0.4,10.4,20.8,7.4,3.7,11.1,0.186,3.7,0.3,4.0,4.3,2008-2009
10,Andre Iguodala,25,PHI,SF,82,82,3269,18.4,0.56,0.228,0.454,3.3,14.0,8.6,22.4,2.1,0.9,13.9,22.3,5.6,3.5,9.2,0.134,2.6,0.6,3.2,4.3,2008-2009
11,Danny Granger,25,IND,SF,67,66,2424,21.8,0.584,0.352,0.36,2.2,13.4,7.7,13.1,1.4,3.0,10.0,29.6,5.6,2.4,8.0,0.158,4.9,-0.1,4.8,4.2,2008-2009
12,Dirk Nowitzki,30,DAL,PF,81,81,3050,23.1,0.564,0.105,0.337,3.3,22.1,12.8,12.1,1.0,1.5,7.8,30.3,7.5,3.4,10.9,0.171,3.7,-0.3,3.4,4.2,2008-2009
13,Rashard Lewis,29,ORL,PF,79,79,2859,16.8,0.58,0.509,0.247,3.7,13.9,8.9,12.5,1.5,1.3,11.6,22.0,4.7,4.8,9.5,0.16,2.7,1.0,3.7,4.1,2008-2009
14,Jason Kidd,35,DAL,PG,81,81,2886,16.9,0.55,0.523,0.17,3.4,16.4,9.9,34.7,2.9,1.0,21.8,13.5,4.6,3.9,8.5,0.141,1.6,1.9,3.6,4.0,2008-2009
15,Rajon Rondo,22,BOS,PG,80,80,2642,18.8,0.543,0.063,0.353,4.8,13.9,9.6,39.7,3.0,0.3,19.2,19.2,4.8,5.1,9.9,0.179,1.9,2.1,4.0,4.0,2008-2009
16,Paul Pierce,31,BOS,SF,81,81,3035,17.7,0.582,0.257,0.468,2.4,15.4,9.2,16.3,1.4,0.7,13.8,25.4,5.5,4.8,10.3,0.164,2.4,0.7,3.1,3.9,2008-2009
17,Kevin Durant,20,OKC,SF,74,74,2885,20.8,0.577,0.165,0.377,3.0,16.4,9.6,13.5,1.7,1.4,12.2,28.3,5.2,2.7,7.9,0.132,3.4,-0.1,3.3,3.8,2008-2009
18,Chauncey Billups,32,2TM,PG,79,79,2789,18.8,0.592,0.405,0.467,1.4,8.4,5.0,28.9,1.7,0.5,13.0,21.7,7.9,2.2,10.1,0.174,3.8,-0.5,3.4,3.8,2008-2009
19,Deron Williams,24,UTA,PG,68,68,2505,21.1,0.573,0.23,0.39,1.1,8.1,4.6,47.8,1.5,0.6,16.5,24.7,6.5,1.9,8.4,0.16,4.8,-0.9,4.0,3.8,2008-2009
20,Gerald Wallace,26,CHA,SF,71,71,2669,18.6,0.585,0.162,0.56,5.2,20.3,12.8,12.4,2.5,2.1,12.8,20.5,4.9,4.6,9.5,0.172,1.3,2.3,3.5,3.7,2008-2009
1,Kevin Durant,21,OKC,SF,82,82,3239,26.2,0.607,0.21,0.504,3.8,17.9,11.0,13.5,1.8,1.9,11.7,32.0,11.1,5.0,16.1,0.238,6.3,0.8,7.1,7.5,2009-2010
2,Andre Iguodala,26,PHI,SF,82,82,3193,17.8,0.535,0.271,0.384,3.0,16.8,9.8,23.7,2.3,1.4,14.3,21.8,4.0,2.8,6.7,0.101,2.0,0.4,2.4,3.5,2009-2010
3,Rudy Gay,23,MEM,SF,80,80,3175,16.2,0.535,0.157,0.311,4.2,13.2,8.7,7.8,1.9,1.5,10.3,22.5,4.0,2.4,6.4,0.096,0.8,-0.3,0.5,2.0,2009-2010
4,Stephen Jackson,31,2TM,SG,81,81,3129,15.6,0.518,0.277,0.306,3.0,12.2,7.7,17.7,2.2,1.1,13.9,27.5,0.5,4.6,5.0,0.077,0.3,0.1,0.4,1.9,2009-2010
4,Stephen Jackson,31,GSW,PF,9,9,300,14.5,0.499,0.301,0.278,2.2,10.9,6.5,21.3,2.2,1.4,14.8,25.0,-0.1,0.2,0.0,0.008,0.2,-1.5,-1.3,0.1,2009-2010
4,Stephen Jackson,31,CHA,SG,72,72,2829,15.7,0.52,0.275,0.309,3.1,12.3,7.8,17.3,2.2,1.1,13.8,27.8,0.6,4.4,5.0,0.085,0.3,0.3,0.6,1.8,2009-2010
5,Gerald Wallace,27,CHA,SF,76,76,3119,18.3,0.586,0.148,0.577,5.9,23.2,14.7,9.0,2.0,2.2,13.1,20.3,5.3,6.2,11.5,0.177,1.0,1.7,2.7,3.7,2009-2010
6,O.J. Mayo,22,MEM,SG,82,82,3113,14.6,0.551,0.3,0.221,2.3,9.4,5.8,12.2,1.6,0.4,11.9,20.7,4.3,1.4,5.6,0.087,0.8,-0.8,0.0,1.6,2009-2010
7,Zach Randolph,28,MEM,PF,81,81,3051,21.2,0.546,0.039,0.348,12.6,23.8,18.2,8.2,1.3,0.8,10.1,24.6,7.0,2.7,9.7,0.153,2.7,-1.4,1.3,2.5,2009-2010
8,Jeff Green,23,OKC,PF,82,82,3043,13.8,0.53,0.292,0.208,4.3,13.9,9.2,7.2,1.8,1.8,10.4,19.2,2.5,4.2,6.6,0.105,-0.4,0.6,0.2,1.7,2009-2010
9,Dirk Nowitzki,31,DAL,PF,81,80,3039,22.9,0.578,0.081,0.392,3.1,20.1,11.7,13.0,1.2,2.0,7.8,28.8,8.4,3.9,12.3,0.194,3.7,0.5,4.2,4.7,2009-2010
10,Brook Lopez,21,NJN,C,82,82,3027,20.1,0.57,0.002,0.451,9.9,17.5,13.5,11.8,1.0,3.4,13.1,23.6,5.5,2.4,7.9,0.125,1.6,-0.5,1.2,2.5,2009-2010
11,David Lee,26,NYK,C,81,81,3019,22.2,0.584,0.006,0.262,8.4,27.6,17.9,17.5,1.4,1.0,11.9,23.8,7.4,2.9,10.3,0.163,2.6,0.0,2.5,3.5,2009-2010
12,LeBron James,25,CLE,SF,76,76,2966,31.1,0.604,0.253,0.506,3.0,18.5,11.1,41.8,2.2,2.0,12.3,33.5,13.3,5.2,18.5,0.299,9.1,2.8,11.8,10.3,2009-2010
13,Rajon Rondo,23,BOS,PG,81,81,2963,19.1,0.54,0.088,0.312,4.3,10.5,7.5,43.7,3.3,0.3,19.3,20.2,4.9,4.7,9.6,0.156,2.2,1.4,3.6,4.2,2009-2010
14,David West,29,NOH,PF,81,81,2949,18.9,0.56,0.022,0.279,6.4,17.9,12.0,13.7,1.3,1.5,11.2,24.0,5.2,2.3,7.5,0.122,1.2,-0.3,0.8,2.1,2009-2010
15,LaMarcus Aldridge,24,POR,PF,78,78,2922,18.2,0.535,0.014,0.26,8.1,18.6,13.3,9.9,1.3,1.3,7.4,22.9,5.5,3.3,8.8,0.145,1.4,-0.2,1.2,2.3,2009-2010
16,Aaron Brooks,25,HOU,PG,82,82,2919,16.0,0.549,0.394,0.224,2.0,6.6,4.2,25.6,1.2,0.3,13.7,25.7,3.9,1.6,5.5,0.091,2.3,-1.6,0.7,1.9,2009-2010
17,Boris Diaw,27,CHA,PF,82,82,2906,12.8,0.552,0.266,0.19,5.5,11.9,8.8,18.9,1.1,1.6,17.5,16.2,2.4,3.8,6.2,0.103,-0.1,0.9,0.8,2.0,2009-2010
18,Stephen Curry,21,GSW,PG,80,77,2896,16.3,0.568,0.332,0.175,1.8,12.0,6.8,24.6,2.5,0.5,16.5,21.8,3.0,1.6,4.7,0.077,1.1,-0.5,0.7,2.0,2009-2010
19,Joe Johnson,28,ATL,SG,76,76,2886,19.3,0.538,0.253,0.194,3.0,11.4,7.1,22.0,1.5,0.1,8.8,26.3,6.0,2.4,8.4,0.14,3.4,-0.7,2.7,3.4,2009-2010
20,Jason Kidd,36,DAL,PG,80,80,2881,17.2,0.577,0.617,0.148,1.9,15.6,8.9,36.4,2.6,0.9,21.4,14.5,4.8,4.0,8.9,0.148,2.5,1.7,4.2,4.5,2009-2010
1,LeBron James,26,MIA,SF,79,79,3063,27.3,0.594,0.188,0.446,3.3,18.7,11.4,34.9,2.1,1.3,13.8,31.5,10.3,5.3,15.6,0.244,6.3,1.8,8.1,7.8,2010-2011
2,Derrick Rose,22,CHI,PG,81,81,3026,23.5,0.55,0.241,0.348,3.2,9.4,6.4,38.7,1.5,1.3,13.1,32.2,8.3,4.8,13.1,0.208,6.3,0.5,6.8,6.7,2010-2011
3,Chris Paul,25,NOH,PG,80,80,2880,23.7,0.578,0.197,0.414,1.6,12.3,6.9,45.8,3.5,0.1,13.9,21.1,9.5,4.4,13.9,0.232,4.4,2.8,7.1,6.7,2010-2011
4,Dwyane Wade,29,MIA,SG,76,76,2823,25.6,0.581,0.149,0.471,5.5,14.4,10.2,23.5,2.1,2.4,12.4,31.6,8.1,4.7,12.8,0.218,5.5,1.1,6.6,6.1,2010-2011
5,Dwight Howard,25,ORL,C,78,78,2935,26.1,0.616,0.007,0.877,12.6,30.6,21.8,6.8,1.9,4.9,16.2,27.2,6.7,7.7,14.4,0.235,2.9,2.4,5.3,5.4,2010-2011
6,Kevin Durant,22,OKC,SF,78,78,3038,23.6,0.589,0.269,0.439,2.3,17.7,10.3,13.2,1.5,1.8,10.6,30.6,8.6,3.3,12.0,0.189,5.2,-0.3,4.9,5.3,2010-2011
7,Pau Gasol,30,LAL,C,82,82,3037,23.3,0.589,0.003,0.384,10.3,20.5,15.6,15.1,0.8,3.3,9.8,21.8,10.0,4.7,14.7,0.232,3.9,0.9,4.8,5.2,2010-2011
8,Kobe Bryant,32,LAL,SG,82,82,2779,23.9,0.548,0.217,0.356,3.5,13.3,8.5,26.7,1.9,0.3,11.4,35.1,6.8,3.5,10.3,0.178,5.4,-0.2,5.2,5.0,2010-2011
9,Paul Pierce,33,BOS,SF,80,80,2774,19.7,0.62,0.291,0.44,1.6,16.6,9.5,16.1,1.5,1.4,12.3,24.0,6.5,5.1,11.6,0.201,3.0,1.6,4.6,4.6,2010-2011
10,Manu Ginóbili,33,SAS,SG,80,79,2426,21.7,0.581,0.433,0.403,2.1,11.8,7.1,26.4,2.6,0.8,12.7,26.0,6.6,3.2,9.9,0.195,4.1,1.3,5.4,4.5,2010-2011
11,Dirk Nowitzki,32,DAL,PF,73,73,2504,23.4,0.612,0.142,0.376,2.4,20.8,12.0,14.2,0.8,1.4,9.1,28.2,7.8,3.3,11.1,0.213,4.3,0.8,5.1,4.5,2010-2011
12,Russell Westbrook,22,OKC,PG,82,82,2847,23.6,0.538,0.074,0.454,5.2,10.3,7.8,42.7,2.8,0.8,15.9,31.6,6.3,3.1,9.4,0.159,4.3,-0.1,4.2,4.4,2010-2011
13,Kevin Love,22,MIN,PF,73,73,2611,24.3,0.593,0.206,0.486,13.7,34.2,23.6,11.8,0.9,0.8,11.1,22.9,8.9,2.5,11.4,0.21,5.7,-1.3,4.4,4.2,2010-2011
14,Al Horford,24,ATL,C,77,77,2704,20.7,0.587,0.004,0.204,8.2,23.7,16.0,17.5,1.2,2.3,10.6,19.7,6.4,3.7,10.1,0.179,2.5,1.1,3.6,3.9,2010-2011
15,Kevin Garnett,34,BOS,PF,71,71,2220,20.6,0.575,0.006,0.264,4.9,28.7,17.5,13.5,2.3,2.0,11.1,22.3,3.4,5.6,9.0,0.194,1.8,2.9,4.7,3.8,2010-2011
16,Lamar Odom,31,LAL,PF,82,35,2639,19.4,0.589,0.199,0.275,7.8,22.2,15.2,15.5,0.9,1.8,12.2,19.7,6.1,4.0,10.1,0.184,2.8,0.8,3.5,3.7,2010-2011
17,Blake Griffin,21,LAC,PF,82,82,3112,21.9,0.549,0.017,0.505,10.2,26.9,18.6,18.7,1.0,1.1,11.7,27.3,6.5,3.4,9.8,0.152,3.0,-0.3,2.6,3.6,2010-2011
18,Ray Allen,35,BOS,SG,80,80,2890,16.4,0.615,0.387,0.224,2.3,9.0,5.8,12.7,1.4,0.4,9.8,19.8,5.8,4.2,10.0,0.166,2.3,0.6,2.9,3.6,2010-2011
19,Kevin Martin,27,HOU,SG,80,80,2603,21.4,0.601,0.362,0.528,1.2,10.0,5.6,13.0,1.6,0.4,10.5,29.6,8.0,1.5,9.5,0.175,4.3,-1.0,3.4,3.5,2010-2011
20,Tim Duncan,34,SAS,C,76,76,2156,21.9,0.537,0.005,0.307,9.3,26.8,18.3,15.7,1.2,4.8,11.4,22.9,3.7,4.0,7.7,0.171,2.2,2.2,4.4,3.5,2010-2011
1,LeBron James,27,MIA,SF,62,62,2326,30.7,0.605,0.127,0.429,5.0,19.7,12.6,33.6,2.6,1.7,13.3,32.0,10.0,4.5,14.5,0.298,8.2,2.7,10.9,7.6,2011-2012
2,Chris Paul,26,LAC,PG,60,60,2181,27.0,0.581,0.239,0.339,2.3,9.4,5.8,43.8,3.8,0.2,10.8,24.3,10.4,2.3,12.7,0.278,6.7,2.4,9.2,6.1,2011-2012
3,Kevin Durant,23,OKC,SF,66,66,2546,26.2,0.61,0.265,0.386,1.9,20.4,11.8,17.5,1.8,2.2,14.0,31.3,8.5,3.7,12.2,0.23,6.2,0.8,7.0,5.8,2011-2012
4,Dwyane Wade,30,MIA,SG,49,49,1625,26.3,0.559,0.067,0.355,5.6,11.6,8.7,27.3,2.7,3.1,11.8,31.3,4.8,2.9,7.7,0.227,6.0,1.9,7.9,4.0,2011-2012
5,Kevin Love,23,MIN,PF,55,55,2145,25.4,0.568,0.266,0.434,11.6,26.4,19.0,10.0,1.1,0.9,9.2,28.8,7.6,2.3,10.0,0.223,6.1,-0.9,5.2,3.9,2011-2012
6,Blake Griffin,22,LAC,PF,66,66,2392,23.4,0.557,0.016,0.458,10.7,25.1,17.8,16.6,1.2,1.7,10.9,26.6,6.6,2.6,9.2,0.185,3.9,-0.2,3.7,3.4,2011-2012
7,Josh Smith,26,ATL,PF,66,66,2329,21.1,0.499,0.099,0.292,6.9,24.8,15.9,20.6,2.1,3.8,11.7,28.4,1.9,4.9,6.8,0.139,1.7,2.1,3.8,3.3,2011-2012
8,Andre Iguodala,28,PHI,SF,62,62,2209,17.6,0.537,0.305,0.31,2.8,16.4,9.6,23.7,2.6,1.0,13.8,17.7,3.1,4.2,7.3,0.158,1.5,2.5,4.0,3.3,2011-2012
9,Pau Gasol,31,LAL,PF,65,65,2430,20.4,0.547,0.029,0.285,8.8,21.8,15.6,17.2,0.8,2.6,12.1,22.1,5.2,3.1,8.3,0.165,2.6,0.8,3.4,3.3,2011-2012
10,Dwight Howard,26,ORL,C,54,54,2070,24.2,0.569,0.01,0.788,11.0,33.1,21.9,9.8,2.1,4.4,15.2,26.1,3.3,4.4,7.7,0.179,2.2,2.0,4.3,3.3,2011-2012
11,Paul Pierce,34,BOS,SF,61,61,2075,19.6,0.567,0.307,0.387,2.2,15.2,9.0,24.3,1.8,1.0,14.2,28.1,3.3,3.7,7.0,0.161,3.0,1.1,4.2,3.2,2011-2012
12,Paul Millsap,26,UTA,PF,64,62,2100,21.8,0.545,0.036,0.296,9.7,21.2,15.4,12.4,2.9,2.0,10.3,23.2,4.9,2.9,7.8,0.179,2.6,1.3,3.9,3.1,2011-2012
13,James Harden,22,OKC,SG,62,2,1946,21.1,0.66,0.464,0.587,1.9,12.2,7.4,19.3,1.6,0.6,14.8,21.6,7.5,1.8,9.3,0.23,4.1,0.2,4.3,3.1,2011-2012
14,Marc Gasol,27,MEM,C,65,65,2370,18.4,0.541,0.016,0.428,5.8,23.1,14.3,14.1,1.4,4.1,12.1,19.1,4.2,4.0,8.2,0.166,1.0,2.1,3.1,3.1,2011-2012
15,Dirk Nowitzki,33,DAL,PF,62,62,2079,21.7,0.564,0.205,0.343,2.5,19.9,11.3,12.6,1.1,1.2,9.0,29.2,5.0,2.6,7.6,0.175,3.7,0.1,3.7,3.0,2011-2012
16,Ryan Anderson,23,ORL,PF,61,61,1964,21.2,0.589,0.557,0.226,13.0,14.7,13.8,5.1,1.4,1.0,6.4,21.2,7.0,1.9,8.9,0.219,5.2,-1.1,4.0,3.0,2011-2012
17,Al Jefferson,27,UTA,C,61,61,2075,22.8,0.52,0.004,0.169,7.3,25.3,16.2,12.1,1.2,3.9,5.2,25.7,4.9,2.5,7.5,0.173,3.5,0.2,3.7,3.0,2011-2012
18,Russell Westbrook,23,OKC,PG,66,66,2331,22.9,0.538,0.155,0.326,5.0,9.4,7.4,29.8,2.5,0.7,14.2,32.7,5.5,2.4,7.9,0.163,3.7,-0.7,3.0,3.0,2011-2012
19,Kevin Garnett,35,BOS,C,60,60,1864,20.4,0.55,0.012,0.243,4.4,25.8,15.6,17.9,1.6,2.5,11.1,24.9,2.6,4.3,6.9,0.178,1.8,2.5,4.3,2.9,2011-2012
20,Kobe Bryant,33,LAL,SG,58,58,2232,21.9,0.527,0.215,0.338,3.5,11.8,7.8,23.7,1.6,0.6,11.7,35.7,4.2,2.0,6.2,0.132,4.2,-0.9,3.3,2.9,2011-2012
1,LeBron James,28,MIA,PF,76,76,2877,31.6,0.64,0.188,0.395,4.4,20.8,13.1,36.4,2.4,1.9,12.4,30.2,14.6,4.7,19.3,0.322,9.3,2.4,11.7,9.9,2012-2013
2,Kevin Durant,24,OKC,SF,81,81,3119,28.3,0.647,0.233,0.523,1.8,20.3,11.8,21.7,1.9,2.6,13.7,29.8,13.6,5.3,18.9,0.291,7.6,1.7,9.3,8.9,2012-2013
3,Chris Paul,27,LAC,PG,70,70,2335,26.4,0.594,0.271,0.377,2.8,10.5,6.7,46.5,3.8,0.4,13.7,22.6,10.6,3.4,13.9,0.287,6.4,2.4,8.8,6.4,2012-2013
4,James Harden,23,HOU,SG,78,78,2985,22.9,0.6,0.364,0.592,2.4,11.9,7.2,25.7,2.4,1.0,14.9,29.0,9.8,3.0,12.8,0.206,5.2,0.5,5.6,5.8,2012-2013
5,Stephen Curry,24,GSW,PG,78,78,2983,21.3,0.589,0.432,0.21,2.3,9.1,5.8,31.1,2.1,0.3,13.7,26.4,8.4,2.8,11.2,0.18,5.3,0.1,5.4,5.6,2012-2013
6,Marc Gasol,28,MEM,C,80,80,2796,19.5,0.559,0.016,0.364,7.6,18.9,13.1,19.1,1.6,4.1,13.5,19.2,6.1,5.4,11.5,0.197,2.1,3.1,5.2,5.1,2012-2013
7,Kobe Bryant,34,LAL,SG,78,78,3013,23.0,0.57,0.255,0.392,2.5,13.1,7.9,29.7,1.8,0.6,13.3,31.9,8.4,2.6,10.9,0.174,4.7,-0.1,4.6,5.0,2012-2013
8,Russell Westbrook,24,OKC,PG,82,82,2861,23.9,0.532,0.195,0.375,4.8,11.8,8.6,38.4,2.6,0.6,13.2,32.8,7.7,3.9,11.6,0.195,4.6,-0.2,4.4,4.6,2012-2013
9,Mike Conley,25,MEM,PG,80,80,2757,18.3,0.549,0.312,0.3,1.8,7.9,4.8,29.5,3.4,0.7,15.1,21.0,5.1,4.7,9.9,0.172,2.3,2.3,4.6,4.6,2012-2013
10,Paul George,22,IND,SF,79,79,2972,16.8,0.531,0.399,0.233,3.4,19.0,11.3,19.6,2.6,1.3,15.2,23.5,2.7,6.3,9.0,0.145,1.5,2.3,3.8,4.4,2012-2013
11,Deron Williams,28,BRK,PG,78,78,2842,20.3,0.574,0.398,0.328,1.2,8.5,4.8,37.5,1.4,0.8,14.5,24.4,9.1,1.8,10.9,0.184,4.5,-0.7,3.8,4.2,2012-2013
12,Blake Griffin,23,LAC,PF,80,80,2598,22.4,0.572,0.026,0.397,8.7,21.5,15.2,19.9,2.0,1.6,12.8,25.4,6.8,3.9,10.6,0.196,3.2,0.8,4.1,4.0,2012-2013
13,Carmelo Anthony,28,NYK,PF,67,67,2482,24.8,0.56,0.278,0.344,6.1,15.9,10.8,14.1,1.1,1.1,9.3,35.6,7.5,2.0,9.5,0.184,6.0,-1.7,4.3,3.9,2012-2013
14,Dwyane Wade,31,MIA,SG,69,69,2391,24.0,0.571,0.06,0.389,4.7,12.6,8.9,26.6,2.8,1.9,13.2,29.5,6.1,3.5,9.6,0.192,3.7,0.7,4.4,3.8,2012-2013
15,Tim Duncan,36,SAS,C,69,69,2078,24.4,0.554,0.007,0.307,7.3,29.6,19.1,15.5,1.2,6.4,11.7,27.8,3.4,4.9,8.3,0.191,2.4,2.9,5.3,3.8,2012-2013
16,David West,32,IND,PF,73,73,2435,20.1,0.545,0.019,0.312,6.8,18.8,12.9,16.8,1.6,2.1,12.0,24.4,4.4,4.7,9.1,0.179,2.4,1.5,4.0,3.7,2012-2013
17,Paul Pierce,35,BOS,SF,77,77,2575,19.1,0.559,0.35,0.387,2.1,19.7,11.2,25.1,1.7,0.9,14.3,27.4,3.5,3.7,7.2,0.135,3.0,0.7,3.6,3.6,2012-2013
18,George Hill,26,IND,PG,76,76,2620,16.6,0.558,0.405,0.245,2.0,9.9,6.0,23.4,1.6,0.7,10.7,18.8,5.9,3.8,9.7,0.177,2.2,1.1,3.3,3.5,2012-2013
19,Nicolas Batum,24,POR,SF,73,73,2807,15.7,0.566,0.533,0.252,4.0,13.2,8.5,20.3,1.7,2.2,17.0,18.2,3.8,1.9,5.8,0.099,2.3,0.5,2.8,3.4,2012-2013
20,Joakim Noah,27,CHI,C,66,64,2426,18.1,0.534,0.008,0.376,12.2,22.6,17.3,17.6,1.7,4.4,19.3,17.2,2.7,4.7,7.3,0.145,0.6,2.7,3.4,3.3,2012-2013
1,Kevin Durant,25,OKC,SF,81,81,3122,29.8,0.635,0.291,0.477,2.2,18.6,10.8,26.7,1.7,1.5,12.2,33.0,14.8,4.4,19.2,0.295,8.8,1.4,10.2,9.6,2013-2014
2,LeBron James,29,MIA,PF,77,77,2902,29.3,0.649,0.226,0.432,3.6,18.9,11.5,32.0,2.2,0.8,14.4,31.0,12.3,3.7,15.9,0.264,7.8,1.1,8.8,7.9,2013-2014
3,Kevin Love,25,MIN,PF,77,77,2797,26.9,0.591,0.355,0.445,8.5,29.5,18.7,21.4,1.0,1.0,10.3,28.8,10.6,3.7,14.3,0.245,8.3,0.6,8.9,7.7,2013-2014
4,Stephen Curry,25,GSW,PG,78,78,2846,24.1,0.61,0.445,0.252,1.8,10.9,6.4,39.9,2.2,0.4,16.1,28.3,9.3,4.0,13.4,0.225,6.3,1.1,7.4,6.7,2013-2014
5,Chris Paul,28,LAC,PG,62,62,2171,25.9,0.58,0.244,0.397,2.0,11.4,6.9,48.9,3.5,0.1,12.4,23.7,9.0,3.2,12.2,0.27,6.0,2.6,8.6,5.8,2013-2014
6,James Harden,24,HOU,SG,73,73,2777,23.5,0.618,0.401,0.552,2.6,10.7,6.9,27.3,2.1,0.8,15.0,27.8,10.1,2.7,12.8,0.221,5.4,0.2,5.6,5.3,2013-2014
7,Carmelo Anthony,29,NYK,PF,77,77,2982,24.4,0.561,0.253,0.329,5.6,19.4,12.3,15.8,1.7,1.5,9.5,32.4,8.1,2.5,10.7,0.172,5.8,-0.8,5.0,5.3,2013-2014
8,Joakim Noah,28,CHI,C,80,80,2820,20.0,0.531,0.003,0.419,11.6,24.5,18.2,26.4,1.9,3.3,17.0,18.7,4.5,6.6,11.2,0.19,1.7,3.6,5.3,5.2,2013-2014
9,Paul George,23,IND,SF,80,80,2898,20.1,0.555,0.367,0.341,2.6,17.7,10.5,17.9,2.7,0.6,12.5,28.3,4.4,6.4,10.8,0.178,2.7,2.1,4.9,5.0,2013-2014
10,Kyle Lowry,27,TOR,PG,79,79,2862,20.1,0.567,0.463,0.356,3.6,11.5,7.5,34.7,2.2,0.4,13.4,22.9,8.4,3.3,11.7,0.197,4.1,0.6,4.7,4.8,2013-2014
11,Blake Griffin,24,LAC,PF,80,80,2863,23.9,0.583,0.032,0.496,7.7,21.2,14.7,19.2,1.6,1.4,11.9,29.0,8.1,4.1,12.2,0.205,3.8,0.7,4.5,4.7,2013-2014
12,Dirk Nowitzki,35,DAL,PF,80,80,2628,23.6,0.603,0.258,0.295,1.8,20.0,10.9,14.2,1.4,1.4,7.5,26.9,8.6,2.3,10.9,0.199,5.0,0.0,5.0,4.7,2013-2014
13,DeMarcus Cousins,23,SAC,C,71,71,2298,26.1,0.555,0.006,0.5,10.6,30.5,20.4,17.8,2.4,3.2,14.7,32.7,4.1,3.8,7.9,0.166,3.6,1.6,5.2,4.2,2013-2014
14,Nicolas Batum,25,POR,SF,82,82,2956,15.8,0.589,0.491,0.248,4.3,17.8,11.1,20.9,1.3,1.3,18.6,16.5,4.8,3.1,7.9,0.128,2.2,1.2,3.4,4.0,2013-2014
15,Anthony Davis,20,NOP,PF,67,66,2358,26.5,0.582,0.009,0.438,10.0,23.3,16.6,8.0,2.0,6.7,8.3,25.2,7.2,3.2,10.4,0.212,4.0,0.8,4.8,4.0,2013-2014
16,Goran Dragić,27,PHO,SG,76,75,2668,21.4,0.604,0.274,0.381,2.9,7.4,5.2,28.1,2.0,0.6,14.3,24.5,8.4,2.0,10.3,0.186,4.1,-0.2,3.9,4.0,2013-2014
17,Damian Lillard,23,POR,PG,82,82,2937,18.6,0.568,0.425,0.327,1.3,9.2,5.3,25.1,1.1,0.5,11.5,25.0,7.8,1.8,9.6,0.157,3.8,-0.6,3.2,3.9,2013-2014
18,Mike Conley,26,MEM,PG,73,73,2446,20.0,0.545,0.283,0.268,2.0,8.4,5.2,30.1,2.4,0.4,11.5,24.6,5.5,2.7,8.2,0.161,3.4,0.3,3.8,3.6,2013-2014
19,John Wall,23,WAS,PG,82,82,2980,19.5,0.524,0.23,0.295,1.5,11.7,6.5,40.5,2.6,1.1,16.3,27.4,4.0,4.0,7.9,0.128,2.4,0.4,2.7,3.6,2013-2014
20,Kawhi Leonard,22,SAS,SF,66,65,1923,19.4,0.602,0.282,0.195,4.6,18.9,12.1,10.4,3.0,1.9,10.3,18.3,3.8,3.9,7.7,0.193,2.1,3.0,5.1,3.5,2013-2014
1,James Harden,25,HOU,SG,81,81,2981,26.7,0.605,0.378,0.561,2.8,14.2,8.5,34.6,2.6,1.6,14.9,31.3,12.2,4.2,16.4,0.265,7.0,1.8,8.8,8.1,2014-2015
2,Stephen Curry,26,GSW,PG,80,80,2613,28.0,0.638,0.482,0.251,2.4,11.4,7.0,38.6,3.0,0.5,14.3,28.9,11.5,4.1,15.7,0.288,8.2,1.7,9.9,7.9,2014-2015
3,Chris Paul,29,LAC,PG,82,82,2857,26.0,0.596,0.298,0.274,2.1,12.5,7.4,47.4,2.8,0.4,12.7,23.7,12.9,3.2,16.1,0.27,6.4,1.6,8.0,7.2,2014-2015
4,Anthony Davis,21,NOP,PF,68,68,2455,30.8,0.591,0.01,0.384,8.0,24.1,16.1,11.6,2.1,6.2,6.3,27.8,9.9,4.2,14.0,0.274,6.6,2.3,8.9,6.7,2014-2015
5,Russell Westbrook,26,OKC,PG,67,67,2302,29.1,0.536,0.196,0.445,5.9,16.7,11.4,47.0,3.0,0.5,14.3,38.4,7.5,3.2,10.6,0.222,6.9,1.2,8.1,5.8,2014-2015
6,LeBron James,30,CLE,SF,69,69,2493,25.9,0.577,0.265,0.413,2.4,16.6,9.6,38.6,2.3,1.6,15.3,32.3,7.4,2.9,10.4,0.199,6.1,1.0,7.1,5.7,2014-2015
7,Damian Lillard,24,POR,PG,82,82,2925,20.7,0.56,0.421,0.293,1.8,11.8,6.9,29.0,1.7,0.5,12.6,26.9,7.3,3.3,10.6,0.174,4.3,0.3,4.7,4.9,2014-2015
8,Marc Gasol,30,MEM,C,81,81,2687,21.7,0.558,0.016,0.41,4.9,21.8,13.4,19.7,1.4,4.0,12.2,24.6,5.5,4.7,10.2,0.182,2.7,2.4,5.1,4.8,2014-2015
9,Jimmy Butler,25,CHI,SG,65,65,2513,21.3,0.583,0.212,0.508,5.1,11.2,8.2,14.4,2.3,1.0,7.7,21.6,8.2,3.0,11.2,0.214,3.4,1.2,4.6,4.2,2014-2015
10,Kyrie Irving,22,CLE,PG,75,75,2730,21.5,0.583,0.306,0.296,2.3,7.5,5.0,25.0,2.2,0.6,11.8,26.2,8.4,2.0,10.4,0.183,4.4,-0.4,4.1,4.2,2014-2015
11,Kawhi Leonard,23,SAS,SF,64,64,2033,22.0,0.567,0.234,0.307,4.8,20.6,12.9,13.0,3.7,1.8,9.4,23.0,4.2,4.4,8.6,0.204,2.8,3.1,5.9,4.1,2014-2015
12,John Wall,24,WAS,PG,79,79,2837,19.9,0.523,0.186,0.31,1.5,12.8,7.3,46.3,2.5,1.3,18.7,26.1,3.6,4.2,7.8,0.132,2.6,1.0,3.6,4.0,2014-2015
13,Gordon Hayward,24,UTA,SF,76,76,2618,20.2,0.567,0.304,0.425,2.4,14.0,8.2,21.7,2.2,0.9,13.8,26.2,5.8,2.9,8.7,0.159,3.5,0.5,4.0,4.0,2014-2015
14,Klay Thompson,24,GSW,SG,77,77,2455,20.8,0.591,0.42,0.197,1.2,9.4,5.4,14.6,1.7,1.8,9.5,27.6,5.7,3.1,8.8,0.172,4.5,-0.1,4.4,4.0,2014-2015
15,Tim Duncan,38,SAS,C,77,77,2227,22.6,0.56,0.009,0.38,8.8,26.7,17.9,16.8,1.4,5.1,12.1,22.2,4.9,4.7,9.6,0.207,2.3,2.8,5.1,4.0,2014-2015
16,Danny Green,27,SAS,SG,81,80,2312,16.5,0.596,0.619,0.172,2.7,13.9,8.4,10.3,2.2,2.8,10.5,17.5,4.0,3.9,7.8,0.163,2.6,2.0,4.6,3.8,2014-2015
17,Pau Gasol,34,CHI,PF,78,78,2681,22.7,0.55,0.023,0.317,9.2,27.6,18.6,14.4,0.5,4.0,10.7,24.7,6.0,4.4,10.4,0.187,2.9,0.6,3.5,3.7,2014-2015
18,Al Horford,28,ATL,C,76,76,2318,21.4,0.563,0.037,0.146,6.7,19.8,13.4,18.6,1.5,3.5,8.9,22.2,5.1,3.6,8.7,0.179,2.6,1.5,4.1,3.6,2014-2015
19,Blake Griffin,25,LAC,PF,67,67,2356,22.8,0.551,0.022,0.373,6.1,17.9,12.1,26.2,1.4,1.2,10.2,28.4,6.6,2.4,9.0,0.183,3.8,0.2,4.0,3.6,2014-2015
20,DeAndre Jordan,26,LAC,C,82,82,2820,21.0,0.638,0.007,0.882,16.2,32.4,24.5,3.2,1.5,5.4,12.8,13.6,7.4,5.4,12.8,0.217,2.2,0.7,2.9,3.5,2014-2015
1,Stephen Curry,27,GSW,PG,79,79,2700,31.5,0.669,0.554,0.25,2.9,13.6,8.6,33.7,3.0,0.4,12.9,32.6,13.8,4.1,17.9,0.318,10.3,1.6,11.9,9.5,2015-2016
2,Kevin Durant,27,OKC,SF,72,72,2578,28.2,0.634,0.348,0.361,2.0,21.8,12.4,24.2,1.3,2.5,13.5,30.6,11.0,3.5,14.5,0.27,8.4,1.6,9.9,7.8,2015-2016
3,LeBron James,31,CLE,SF,76,76,2709,27.5,0.588,0.199,0.347,4.7,18.8,11.8,36.0,2.0,1.5,13.2,31.4,9.6,4.0,13.6,0.242,7.0,2.0,9.0,7.5,2015-2016
4,Russell Westbrook,27,OKC,PG,80,80,2750,27.6,0.554,0.236,0.397,6.1,18.1,12.4,49.6,2.9,0.6,16.8,31.6,10.0,4.0,14.0,0.245,6.4,1.4,7.8,6.8,2015-2016
5,James Harden,26,HOU,SG,82,82,3125,25.3,0.598,0.406,0.518,2.2,15.6,8.8,35.4,2.2,1.4,15.9,32.5,10.7,2.6,13.3,0.204,6.4,0.2,6.6,6.8,2015-2016
6,Kawhi Leonard,24,SAS,SF,72,72,2380,26.0,0.616,0.267,0.306,4.7,18.4,11.8,13.0,2.8,2.3,7.8,25.8,8.3,5.5,13.7,0.277,6.1,3.0,9.1,6.7,2015-2016
7,Chris Paul,30,LAC,PG,74,74,2420,26.2,0.575,0.295,0.294,1.8,12.0,7.0,52.7,3.1,0.4,13.4,27.1,9.2,3.5,12.7,0.253,5.9,2.0,7.9,6.0,2015-2016
8,Kyle Lowry,29,TOR,PG,77,77,2851,22.2,0.578,0.457,0.41,2.2,12.3,7.3,29.9,2.9,1.0,13.7,26.1,8.0,3.7,11.6,0.196,4.7,1.1,5.8,5.7,2015-2016
9,Draymond Green,25,GSW,PF,81,81,2808,19.3,0.587,0.315,0.402,5.5,23.0,14.7,29.0,2.0,3.0,21.2,18.8,6.0,5.1,11.1,0.19,2.6,2.9,5.5,5.3,2015-2016
10,Paul George,25,IND,SF,81,81,2819,20.9,0.557,0.391,0.364,3.1,18.7,10.9,20.3,2.7,0.8,13.6,30.4,4.4,4.8,9.2,0.157,3.7,1.2,4.9,4.9,2015-2016
11,Damian Lillard,25,POR,PG,75,75,2676,22.2,0.56,0.414,0.315,1.8,10.4,6.1,33.6,1.2,0.8,12.6,31.3,7.7,1.4,9.2,0.165,5.7,-1.3,4.4,4.3,2015-2016
12,Kemba Walker,25,CHO,PG,81,81,2885,20.8,0.554,0.368,0.329,2.1,11.5,6.8,25.7,2.2,1.1,10.1,26.5,6.3,3.6,9.9,0.165,3.5,0.5,4.0,4.3,2015-2016
13,Isaiah Thomas,26,BOS,PG,82,79,2644,21.5,0.562,0.336,0.394,1.8,8.0,4.9,32.7,1.7,0.3,11.9,29.6,7.2,2.5,9.7,0.177,4.9,-0.6,4.3,4.2,2015-2016
14,Paul Millsap,30,ATL,PF,81,81,2647,21.3,0.556,0.218,0.383,8.4,21.5,15.1,16.4,2.7,4.1,13.3,24.3,4.1,6.0,10.1,0.183,1.5,2.7,4.2,4.1,2015-2016
15,Pau Gasol,35,CHI,C,72,72,2291,21.7,0.529,0.069,0.29,7.3,28.7,18.2,21.7,0.9,4.7,12.8,24.6,3.2,3.9,7.1,0.149,2.7,2.3,4.9,4.0,2015-2016
16,Jimmy Butler,26,CHI,SG,67,67,2474,21.3,0.562,0.198,0.459,3.4,11.6,7.6,21.4,2.2,1.3,9.6,24.4,6.5,2.7,9.1,0.177,3.2,1.2,4.4,3.9,2015-2016
17,John Wall,25,WAS,PG,77,77,2784,19.8,0.51,0.243,0.255,1.7,13.8,7.6,46.2,2.5,1.7,17.5,28.6,2.2,3.5,5.7,0.098,3.1,0.4,3.5,3.9,2015-2016
18,Al Horford,29,ATL,C,82,82,2631,19.4,0.565,0.244,0.123,6.3,18.2,12.4,16.7,1.3,3.6,8.8,20.6,4.9,4.5,9.4,0.172,2.2,1.6,3.8,3.9,2015-2016
19,Carmelo Anthony,31,NYK,SF,72,72,2530,20.3,0.53,0.237,0.308,4.3,19.5,12.0,21.9,1.3,1.1,10.6,29.7,3.9,2.5,6.4,0.121,3.8,-0.5,3.3,3.4,2015-2016
20,Gordon Hayward,25,UTA,SF,80,80,2893,18.3,0.559,0.341,0.397,2.5,13.5,8.0,18.2,1.7,0.8,12.5,25.7,5.5,3.4,8.9,0.147,2.4,0.2,2.6,3.3,2015-2016
1,Russell Westbrook,28,OKC,PG,81,81,2802,30.6,0.554,0.3,0.433,5.4,28.8,17.1,57.3,2.3,0.9,15.9,41.7,8.5,4.6,13.1,0.224,8.7,2.4,11.1,9.3,2016-2017
2,James Harden,27,HOU,PG,81,81,2947,27.4,0.613,0.493,0.575,3.5,20.9,12.2,50.7,2.0,1.0,19.5,34.2,11.5,3.6,15.0,0.245,7.5,1.2,8.7,8.0,2016-2017
3,Kawhi Leonard,25,SAS,SF,74,74,2474,27.6,0.61,0.295,0.406,3.7,15.7,9.8,18.9,2.7,1.8,9.1,31.1,8.9,4.7,13.6,0.264,7.1,2.2,9.4,7.1,2016-2017
4,LeBron James,32,CLE,SF,74,74,2794,27.0,0.619,0.254,0.395,4.0,20.7,12.6,41.3,1.6,1.3,16.1,30.0,9.8,3.0,12.9,0.221,6.4,1.2,7.6,6.7,2016-2017
5,Giannis Antetokounmpo,22,MIL,SF,80,80,2845,26.1,0.599,0.143,0.486,5.9,22.6,14.3,26.6,2.3,4.7,13.3,28.3,7.9,4.5,12.4,0.21,4.9,2.4,7.3,6.7,2016-2017
6,Jimmy Butler,27,CHI,SF,76,75,2809,25.1,0.586,0.198,0.54,4.9,13.2,9.0,24.8,2.6,0.9,9.3,26.5,10.1,3.8,13.8,0.236,5.6,1.7,7.3,6.6,2016-2017
7,Stephen Curry,28,GSW,PG,79,79,2638,24.6,0.624,0.547,0.251,2.7,11.4,7.3,31.2,2.6,0.5,13.0,30.1,8.7,3.9,12.6,0.229,6.7,0.3,6.9,5.9,2016-2017
8,Kevin Durant,28,GSW,PF,62,62,2070,27.6,0.651,0.304,0.374,2.2,23.6,13.6,23.1,1.5,3.8,10.4,27.8,8.0,4.0,12.0,0.278,6.7,2.2,8.9,5.7,2016-2017
9,Isaiah Thomas,27,BOS,PG,76,76,2569,26.5,0.625,0.439,0.441,1.9,7.0,4.4,32.5,1.4,0.4,10.7,34.0,10.9,1.6,12.5,0.234,7.8,-1.1,6.7,5.6,2016-2017
10,DeMarcus Cousins,26,2TM,C,72,72,2465,25.8,0.562,0.253,0.468,7.0,29.2,18.2,25.8,2.0,3.4,13.5,36.5,3.9,3.8,7.6,0.149,5.0,1.8,6.8,5.5,2016-2017
11,Anthony Davis,23,NOP,C,75,75,2708,27.5,0.58,0.088,0.424,6.7,27.9,17.2,11.1,1.7,5.1,9.1,32.6,5.9,5.1,11.0,0.195,4.4,1.4,5.9,5.4,2016-2017
12,Chris Paul,31,LAC,PG,61,61,1921,26.2,0.614,0.385,0.331,2.4,15.0,8.8,46.8,3.1,0.3,14.0,24.4,7.9,2.6,10.6,0.264,6.3,2.5,8.7,5.2,2016-2017
13,Karl-Anthony Towns,21,MIN,C,82,82,3030,25.9,0.618,0.186,0.289,11.2,27.8,19.4,13.2,0.9,2.9,11.3,27.5,9.9,2.8,12.7,0.201,5.5,-0.7,4.7,5.2,2016-2017
14,Mike Conley,29,MEM,PG,69,68,2292,23.2,0.604,0.415,0.365,1.5,10.8,6.0,34.5,2.1,0.8,11.8,26.3,7.5,2.5,10.0,0.209,6.0,0.8,6.8,5.1,2016-2017
15,Damian Lillard,26,POR,PG,75,75,2694,24.1,0.586,0.389,0.366,1.9,13.3,7.6,28.7,1.3,0.6,10.2,31.5,8.8,1.5,10.4,0.185,6.1,-1.1,5.0,4.8,2016-2017
16,Nikola Jokić,21,DEN,C,73,59,2038,26.3,0.64,0.163,0.267,11.6,27.2,19.5,28.8,1.5,2.1,15.2,23.5,7.7,2.0,9.7,0.228,5.9,1.4,7.3,4.8,2016-2017
17,John Wall,26,WAS,PG,78,78,2836,23.2,0.541,0.19,0.367,2.4,10.6,6.5,46.9,2.7,1.4,16.2,30.6,5.8,3.0,8.8,0.149,4.6,0.1,4.7,4.8,2016-2017
18,Kyle Lowry,30,TOR,PG,60,60,2244,22.9,0.623,0.51,0.398,2.4,12.0,7.2,29.9,2.0,0.7,13.8,24.9,7.8,2.3,10.1,0.216,5.8,0.4,6.1,4.6,2016-2017
19,Marc Gasol,32,MEM,C,74,74,2531,20.3,0.554,0.231,0.286,2.6,18.8,10.5,24.8,1.4,3.7,11.3,26.4,4.2,3.5,7.7,0.145,3.8,1.4,5.2,4.6,2016-2017
20,Gordon Hayward,26,UTA,SF,73,73,2516,22.2,0.595,0.324,0.371,2.3,15.4,9.0,18.2,1.5,0.6,9.4,27.6,7.1,3.3,10.4,0.199,4.6,0.5,5.0,4.5,2016-2017
1,LeBron James,33,CLE,PF,82,82,3026,28.6,0.621,0.257,0.336,3.7,22.3,13.1,44.4,1.9,2.0,16.1,31.6,11.0,3.0,14.0,0.221,7.3,1.4,8.7,8.2,2017-2018
2,James Harden,28,HOU,SG,72,72,2551,29.8,0.619,0.498,0.502,1.8,15.2,8.6,45.1,2.4,1.7,15.1,36.1,11.6,3.8,15.4,0.289,8.5,1.4,9.9,7.7,2017-2018
3,Damian Lillard,27,POR,PG,73,73,2670,25.2,0.594,0.445,0.38,2.6,10.6,6.6,30.9,1.4,0.8,11.1,30.6,9.9,2.7,12.6,0.227,7.0,0.3,7.2,6.3,2017-2018
4,Russell Westbrook,29,OKC,PG,80,80,2914,24.7,0.524,0.193,0.336,5.6,25.7,15.3,49.8,2.5,0.6,16.4,34.1,5.5,4.5,10.1,0.166,4.8,1.5,6.3,6.1,2017-2018
5,Anthony Davis,24,NOP,PF,75,75,2727,28.9,0.612,0.111,0.409,7.7,24.8,16.5,10.8,2.0,5.6,8.6,30.0,8.8,4.9,13.7,0.241,5.3,1.4,6.7,5.9,2017-2018
6,Giannis Antetokounmpo,23,MIL,PF,75,75,2756,27.3,0.598,0.1,0.457,6.7,25.3,16.0,23.7,2.0,3.3,11.7,31.2,8.3,3.6,11.9,0.207,5.3,0.9,6.2,5.7,2017-2018
7,Nikola Jokić,22,DEN,C,75,73,2443,24.4,0.603,0.277,0.31,9.0,27.9,18.5,29.6,1.8,2.1,15.5,24.2,7.8,2.9,10.7,0.211,5.3,1.6,6.9,5.5,2017-2018
8,Kevin Durant,29,GSW,SF,68,68,2325,26.0,0.64,0.338,0.331,1.6,19.5,11.2,25.5,1.0,4.0,12.9,30.4,7.5,2.9,10.4,0.215,6.7,0.6,7.3,5.5,2017-2018
9,Karl-Anthony Towns,22,MIN,C,82,82,2918,24.9,0.646,0.243,0.343,9.3,30.9,20.0,10.8,1.1,3.5,10.5,22.9,10.6,3.4,14.0,0.23,4.9,0.2,5.1,5.2,2017-2018
10,Victor Oladipo,25,IND,SG,75,75,2552,23.1,0.577,0.323,0.274,2.1,15.1,8.6,21.2,3.5,2.0,12.7,30.1,4.3,4.0,8.2,0.155,4.1,1.7,5.8,5.0,2017-2018
11,Kyle Lowry,31,TOR,PG,78,78,2510,19.5,0.598,0.631,0.276,3.0,16.1,9.7,30.9,1.7,0.6,14.7,21.7,7.0,3.1,10.2,0.194,4.7,0.5,5.2,4.5,2017-2018
12,Kyrie Irving,25,BOS,PG,60,60,1931,25.0,0.61,0.374,0.24,1.9,10.8,6.4,30.7,1.7,0.7,10.4,31.0,6.3,2.7,8.9,0.222,6.4,0.9,7.3,4.5,2017-2018
13,Ben Simmons,21,PHI,PG,81,81,2732,20.0,0.557,0.011,0.342,5.9,19.5,13.0,37.4,2.5,2.1,19.5,22.3,4.2,5.0,9.2,0.162,2.0,2.5,4.5,4.5,2017-2018
14,Chris Paul,32,HOU,PG,58,58,1847,24.4,0.604,0.475,0.277,2.3,16.7,9.5,40.9,2.6,0.6,12.5,24.5,7.5,2.7,10.2,0.265,5.2,1.8,7.1,4.2,2017-2018
15,Jimmy Butler,28,MIN,SG,59,59,2164,23.7,0.59,0.217,0.461,4.2,12.7,8.4,20.6,2.7,1.0,8.9,24.9,7.1,1.8,8.9,0.198,5.0,0.7,5.8,4.2,2017-2018
16,Kemba Walker,27,CHO,PG,80,80,2736,20.6,0.572,0.441,0.308,1.2,8.7,4.9,27.4,1.6,0.7,10.4,27.4,6.5,2.0,8.6,0.15,4.7,-0.7,4.0,4.2,2017-2018
17,Stephen Curry,29,GSW,PG,51,51,1631,28.2,0.675,0.58,0.35,2.7,14.4,9.0,30.3,2.4,0.4,13.3,31.0,7.2,1.9,9.1,0.267,7.8,0.0,7.7,4.0,2017-2018
18,LaMarcus Aldridge,32,SAS,C,75,75,2509,25.0,0.57,0.068,0.296,10.8,17.3,14.0,11.3,0.9,3.0,6.8,29.1,7.4,3.5,10.9,0.209,4.3,-0.4,3.9,3.7,2017-2018
19,Al Horford,31,BOS,C,72,72,2277,17.6,0.575,0.3,0.159,5.0,20.2,12.7,23.6,0.9,2.9,14.1,18.4,4.0,3.8,7.8,0.165,2.4,2.0,4.4,3.7,2017-2018
20,Paul George,27,OKC,SF,79,79,2891,18.7,0.57,0.454,0.307,2.7,14.9,8.6,14.5,2.8,1.2,12.2,25.7,5.0,3.9,8.9,0.147,2.3,0.6,2.9,3.6,2017-2018
1,James Harden,29,HOU,PG,78,78,2867,30.6,0.616,0.539,0.449,2.5,17.8,10.0,39.5,2.7,1.7,14.5,40.5,11.4,3.8,15.2,0.254,9.4,1.6,11.0,9.3,2018-2019
2,Giannis Antetokounmpo,24,MIL,PF,72,72,2358,30.9,0.644,0.163,0.55,7.3,30.0,19.3,30.3,1.8,3.9,14.8,32.3,8.9,5.5,14.4,0.292,6.3,4.1,10.4,7.4,2018-2019
3,Nikola Jokić,23,DEN,C,80,80,2504,26.3,0.589,0.224,0.292,9.8,27.6,18.7,37.0,2.1,1.9,15.4,27.4,7.5,4.3,11.8,0.226,6.2,2.9,9.1,7.0,2018-2019
4,Paul George,28,OKC,SF,77,77,2841,23.3,0.583,0.469,0.335,3.7,19.6,11.4,17.7,2.8,1.0,10.0,29.5,7.0,4.9,11.9,0.201,5.6,1.6,7.2,6.6,2018-2019
5,Damian Lillard,28,POR,PG,80,80,2838,23.7,0.588,0.419,0.335,2.6,11.1,7.0,30.6,1.5,1.0,10.8,29.3,9.7,2.4,12.1,0.205,6.6,-0.3,6.4,6.0,2018-2019
6,Nikola Vučević,28,ORL,C,80,80,2510,25.4,0.573,0.171,0.168,9.4,31.9,20.5,21.9,1.6,3.0,9.9,28.0,5.4,4.7,10.1,0.193,5.0,1.7,6.6,5.5,2018-2019
7,Anthony Davis,25,NOP,C,56,56,1850,30.3,0.597,0.141,0.422,9.9,27.5,18.8,19.0,2.2,6.0,8.4,29.5,6.4,3.1,9.5,0.247,7.1,2.3,9.4,5.3,2018-2019
8,Kevin Durant,30,GSW,SF,78,78,2702,24.2,0.631,0.281,0.366,1.4,17.5,9.8,26.2,1.0,2.6,12.3,29.0,8.6,2.9,11.5,0.204,5.4,0.1,5.5,5.1,2018-2019
9,Karl-Anthony Towns,23,MIN,C,77,77,2545,26.3,0.622,0.27,0.342,10.9,29.3,20.0,17.2,1.3,4.2,13.7,28.9,7.2,3.2,10.4,0.197,5.4,0.6,6.0,5.1,2018-2019
10,Kyrie Irving,26,BOS,PG,67,67,2214,24.4,0.592,0.35,0.197,3.4,12.7,8.1,35.0,2.3,1.4,11.3,29.7,6.2,2.8,9.0,0.195,6.0,1.1,7.2,5.1,2018-2019
11,Stephen Curry,30,GSW,PG,69,69,2331,24.4,0.641,0.604,0.214,2.2,14.2,8.4,24.2,1.9,0.9,11.6,30.4,7.2,2.5,9.7,0.199,7.1,-0.5,6.6,5.1,2018-2019
12,LeBron James,34,LAL,SF,55,55,1937,25.6,0.588,0.299,0.382,3.1,21.3,12.4,39.4,1.7,1.4,13.3,31.6,4.7,2.6,7.2,0.179,6.4,1.7,8.0,4.9,2018-2019
13,Rudy Gobert,26,UTA,C,81,80,2577,24.6,0.682,0.0,0.733,13.2,30.2,21.9,9.6,1.2,5.8,12.1,17.8,8.7,5.7,14.4,0.268,3.0,2.5,5.4,4.8,2018-2019
14,Russell Westbrook,30,OKC,PG,73,73,2630,21.1,0.501,0.279,0.306,4.1,28.3,15.8,46.5,2.5,1.1,16.3,30.9,1.8,5.0,6.8,0.124,2.8,2.4,5.2,4.7,2018-2019
15,Kawhi Leonard,27,TOR,SF,60,60,2040,25.8,0.606,0.267,0.377,4.2,18.6,11.6,16.4,2.5,1.0,8.4,30.3,6.1,3.4,9.5,0.224,6.1,1.1,7.2,4.7,2018-2019
16,Blake Griffin,29,DET,PF,75,75,2622,21.0,0.581,0.389,0.41,4.0,20.1,11.8,27.1,1.0,0.9,13.8,30.2,5.1,2.9,8.0,0.147,4.9,0.2,5.1,4.7,2018-2019
17,Kemba Walker,28,CHO,PG,82,82,2863,21.7,0.558,0.434,0.267,1.9,11.9,6.8,29.4,1.7,1.0,10.1,31.5,5.5,1.9,7.4,0.123,5.2,-1.0,4.2,4.4,2018-2019
18,Mike Conley,31,MEM,PG,70,70,2342,21.4,0.569,0.38,0.363,1.9,9.7,5.7,33.4,2.0,0.9,9.1,27.3,5.7,2.3,8.0,0.164,4.6,0.1,4.7,3.9,2018-2019
19,Ben Simmons,22,PHI,PG,79,79,2700,20.0,0.582,0.006,0.446,6.9,20.0,13.7,34.2,2.0,1.8,19.3,22.1,4.6,3.6,8.2,0.146,2.2,1.3,3.6,3.8,2018-2019
20,Joel Embiid,24,PHI,C,64,64,2154,26.1,0.593,0.219,0.541,8.1,34.0,21.4,18.4,1.0,4.4,13.2,33.3,4.9,3.8,8.7,0.194,4.0,0.9,4.9,3.8,2018-2019
1,James Harden,30,HOU,SG,68,68,2483,29.1,0.626,0.557,0.528,2.9,16.0,9.4,35.9,2.3,2.1,14.2,36.3,9.9,3.2,13.1,0.254,8.1,1.6,9.6,7.3,2019-2020
2,Giannis Antetokounmpo,25,MIL,PF,63,63,1917,31.9,0.613,0.237,0.508,7.7,34.8,22.1,34.2,1.5,3.0,13.2,37.5,6.1,5.0,11.1,0.279,7.4,4.1,11.5,6.6,2019-2020
3,LeBron James,35,LAL,PG,67,67,2316,25.5,0.577,0.326,0.292,3.2,21.5,12.4,49.1,1.6,1.4,15.1,31.5,6.2,3.6,9.8,0.204,6.6,1.8,8.4,6.1,2019-2020
4,Damian Lillard,29,POR,PG,66,66,2474,26.9,0.627,0.5,0.384,1.4,10.5,6.0,34.4,1.3,0.8,11.0,30.3,10.9,0.7,11.6,0.225,8.3,-0.9,7.5,5.9,2019-2020
5,Nikola Jokić,24,DEN,C,73,73,2336,24.9,0.605,0.238,0.281,8.0,26.1,17.1,35.2,1.8,1.7,15.8,26.6,6.7,3.1,9.8,0.202,5.5,2.0,7.4,5.5,2019-2020
6,Anthony Davis,26,LAL,PF,62,62,2131,27.4,0.61,0.199,0.479,7.4,22.1,14.8,15.1,2.0,6.0,10.4,29.3,6.7,4.4,11.1,0.25,5.4,2.6,8.0,5.4,2019-2020
7,Luka Dončić,20,DAL,PG,61,61,2047,27.6,0.585,0.431,0.448,4.1,25.0,14.7,45.7,1.5,0.6,14.8,36.8,6.5,2.3,8.8,0.207,7.4,1.0,8.4,5.4,2019-2020
8,Kawhi Leonard,28,LAC,SF,57,57,1848,26.9,0.589,0.287,0.355,3.1,19.1,11.3,26.4,2.6,1.6,10.2,33.0,5.4,3.3,8.7,0.226,6.5,2.4,8.9,5.1,2019-2020
9,Jimmy Butler,30,MIA,SF,58,58,1959,23.6,0.585,0.157,0.693,6.3,15.4,11.0,28.1,2.6,1.6,11.4,25.1,6.3,2.7,9.0,0.221,4.0,1.5,5.4,3.7,2019-2020
10,Chris Paul,34,OKC,PG,70,70,2208,21.7,0.61,0.343,0.315,1.3,15.7,8.7,34.0,2.4,0.4,13.8,23.3,5.9,3.0,8.9,0.193,3.0,1.4,4.4,3.5,2019-2020
11,Jayson Tatum,21,BOS,PF,66,66,2265,20.4,0.567,0.383,0.255,3.1,18.5,10.9,14.5,2.0,2.3,10.2,28.6,3.2,3.7,6.9,0.146,3.5,0.6,4.0,3.4,2019-2020
12,Rudy Gobert,27,UTA,C,68,68,2333,21.7,0.699,0.0,0.724,11.2,31.3,21.6,6.5,1.1,4.8,15.0,16.2,6.5,4.2,10.7,0.221,1.7,1.9,3.6,3.3,2019-2020
13,Bam Adebayo,22,MIA,PF,72,72,2417,20.3,0.598,0.018,0.484,8.5,24.9,17.0,24.2,1.7,3.8,17.6,21.2,4.6,3.9,8.5,0.168,1.4,2.0,3.4,3.3,2019-2020
14,Trae Young,21,ATL,PG,60,60,2120,23.9,0.595,0.455,0.448,1.6,11.5,6.5,45.6,1.4,0.3,16.2,34.9,5.3,0.6,5.9,0.133,6.2,-2.3,3.9,3.1,2019-2020
15,Nikola Vučević,29,ORL,C,62,62,1998,21.9,0.549,0.28,0.162,7.3,29.7,18.1,19.5,1.3,2.1,7.4,25.8,3.5,2.9,6.4,0.153,3.7,0.5,4.2,3.1,2019-2020
16,Kemba Walker,29,BOS,PG,56,56,1742,20.0,0.575,0.532,0.272,2.2,11.0,6.7,24.2,1.3,1.5,10.5,27.2,3.9,2.0,5.9,0.162,4.9,-0.3,4.6,2.9,2019-2020
17,Karl-Anthony Towns,24,MIN,C,35,35,1187,26.5,0.642,0.445,0.363,8.1,26.1,16.8,22.8,1.3,2.9,13.2,28.8,3.7,1.3,5.1,0.204,7.0,0.8,7.8,2.9,2019-2020
18,Domantas Sabonis,23,IND,PF,62,62,2159,20.7,0.586,0.079,0.349,9.7,29.3,19.6,21.7,1.1,1.2,14.8,23.3,4.1,3.4,7.5,0.168,2.0,1.2,3.2,2.9,2019-2020
19,Khris Middleton,28,MIL,SF,62,59,1853,21.1,0.619,0.374,0.24,2.5,17.0,10.2,22.2,1.3,0.3,11.6,26.4,4.6,3.3,7.9,0.205,3.4,0.7,4.1,2.9,2019-2020
20,Ben Simmons,23,PHI,PG,57,57,2017,20.4,0.602,0.011,0.461,6.2,18.2,12.2,33.8,2.9,1.4,20.4,20.9,3.8,3.1,6.9,0.165,1.3,2.3,3.6,2.8,2019-2020
1,Nikola Jokić,25,DEN,C,72,72,2488,31.3,0.647,0.183,0.305,9.4,26.1,17.8,40.4,1.9,1.9,13.1,29.6,12.2,3.4,15.6,0.301,9.1,3.0,12.1,8.8,2020-2021
2,Stephen Curry,32,GSW,PG,63,63,2152,26.3,0.655,0.587,0.289,1.5,15.4,8.5,30.5,1.7,0.3,12.2,34.8,6.5,2.5,9.0,0.201,8.3,0.4,8.7,5.8,2020-2021
3,Giannis Antetokounmpo,26,MIL,PF,61,61,2013,29.2,0.633,0.201,0.528,5.3,28.9,17.5,28.7,1.7,3.2,13.2,32.5,6.9,3.3,10.2,0.244,6.2,2.8,9.0,5.6,2020-2021
4,Luka Dončić,21,DAL,PG,66,66,2262,25.3,0.587,0.406,0.349,2.7,22.9,12.8,44.1,1.4,1.5,15.3,36.0,5.1,2.6,7.7,0.163,6.1,0.7,6.8,5.1,2020-2021
5,Damian Lillard,30,POR,PG,67,67,2398,25.6,0.623,0.528,0.363,1.4,11.5,6.3,34.6,1.3,0.6,11.6,31.4,9.6,0.8,10.4,0.209,7.5,-1.3,6.3,5.0,2020-2021
6,Nikola Vučević,30,2TM,C,70,70,2348,22.9,0.56,0.315,0.112,6.5,30.9,18.5,21.3,1.3,1.8,7.9,29.3,3.3,3.0,6.3,0.129,4.9,0.4,5.3,4.4,2020-2021
7,Jimmy Butler,31,MIA,SF,52,52,1745,26.5,0.607,0.139,0.565,6.3,17.1,11.8,35.1,3.1,1.1,10.6,26.6,6.6,2.7,9.3,0.255,5.4,2.3,7.7,4.3,2020-2021
8,Kawhi Leonard,29,LAC,SF,52,52,1773,26.0,0.622,0.28,0.325,3.6,17.4,10.7,24.9,2.3,1.1,9.2,28.6,6.4,2.4,8.8,0.238,6.0,1.3,7.3,4.2,2020-2021
9,Zion Williamson,20,NOP,PF,61,61,2026,27.1,0.649,0.033,0.51,8.9,14.7,11.8,19.7,1.3,1.8,11.6,29.8,7.1,1.6,8.7,0.205,6.1,-0.3,5.8,4.0,2020-2021
10,Julius Randle,26,NYK,PF,71,71,2667,19.7,0.567,0.294,0.325,3.5,25.7,14.7,27.2,1.2,0.6,13.8,29.3,3.4,4.3,7.8,0.14,2.9,0.9,3.8,3.9,2020-2021
11,LeBron James,36,LAL,PG,45,45,1504,24.2,0.602,0.346,0.31,2.2,23.6,12.9,41.8,1.6,1.5,15.2,31.9,3.0,2.6,5.6,0.179,5.9,2.3,8.1,3.8,2020-2021
12,Rudy Gobert,28,UTA,C,71,71,2187,23.5,0.683,0.007,0.646,12.2,33.5,23.3,6.0,0.9,7.0,13.7,17.0,6.1,5.2,11.3,0.248,2.1,2.8,4.9,3.8,2020-2021
13,Joel Embiid,26,PHI,C,51,51,1585,30.3,0.636,0.171,0.61,8.0,29.1,18.7,16.2,1.5,3.9,12.2,35.3,5.6,3.2,8.8,0.266,6.3,1.2,7.5,3.8,2020-2021
14,Bam Adebayo,23,MIA,C,64,64,2143,22.7,0.626,0.01,0.443,7.7,22.6,15.3,26.9,1.7,3.2,15.0,23.7,5.6,3.2,8.8,0.197,2.9,2.0,4.9,3.7,2020-2021
15,James Harden,31,2TM,PG,44,43,1609,24.5,0.618,0.455,0.44,2.5,20.6,11.9,44.4,1.6,1.8,16.8,28.4,5.3,1.7,7.0,0.208,6.2,1.0,7.2,3.7,2020-2021
16,Chris Paul,35,PHO,PG,70,70,2199,21.4,0.599,0.294,0.206,1.3,14.5,8.0,40.9,2.2,0.8,14.0,22.6,6.5,2.7,9.2,0.201,3.5,1.1,4.6,3.6,2020-2021
17,Kyrie Irving,28,BRK,PG,54,54,1886,24.4,0.614,0.348,0.201,3.2,11.4,7.5,28.6,1.9,1.7,9.9,30.4,5.8,1.6,7.4,0.189,5.7,-0.2,5.5,3.6,2020-2021
18,Russell Westbrook,32,WAS,PG,65,65,2369,19.5,0.509,0.221,0.334,4.9,28.6,16.8,48.6,1.7,0.8,18.0,30.2,0.5,3.2,3.7,0.075,2.6,1.1,3.7,3.4,2020-2021
19,Jayson Tatum,22,BOS,SF,64,64,2290,21.3,0.576,0.368,0.258,2.4,20.7,11.5,20.3,1.6,1.3,10.4,30.8,4.1,2.5,6.5,0.137,4.2,-0.3,3.9,3.4,2020-2021
20,Domantas Sabonis,24,IND,PF,62,62,2231,20.6,0.601,0.179,0.363,7.3,28.6,18.0,27.5,1.6,1.2,16.9,24.1,4.0,3.0,6.9,0.149,2.3,1.6,3.8,3.3,2020-2021
1,Nikola Jokić,26,DEN,C,74,74,2476,32.8,0.661,0.22,0.357,9.6,35.5,23.0,42.6,2.2,2.3,15.6,31.9,10.8,4.5,15.2,0.296,9.2,4.5,13.7,9.8,2021-2022
2,Giannis Antetokounmpo,27,MIL,PF,67,67,2204,32.1,0.633,0.194,0.615,6.6,30.4,18.7,31.7,1.6,4.0,12.2,34.9,9.2,3.7,12.9,0.281,7.6,3.5,11.2,7.4,2021-2022
3,Joel Embiid,27,PHI,C,68,68,2297,31.2,0.616,0.188,0.602,7.2,31.1,19.4,23.5,1.7,3.9,11.3,37.2,7.9,4.1,12.0,0.252,7.2,2.0,9.2,6.5,2021-2022
4,Luka Dončić,22,DAL,PG,65,65,2301,25.1,0.571,0.406,0.349,2.7,26.0,14.3,46.0,1.6,1.4,15.3,37.4,3.8,3.8,7.6,0.159,6.4,1.8,8.2,5.9,2021-2022
5,LeBron James,37,LAL,C,56,56,2084,26.2,0.619,0.367,0.275,3.3,20.4,11.8,30.6,1.7,2.5,12.5,32.3,5.2,2.3,7.5,0.172,6.9,0.8,7.7,5.1,2021-2022
6,Trae Young,23,ATL,PG,76,76,2652,25.4,0.603,0.395,0.358,2.1,9.6,5.9,46.7,1.3,0.2,14.5,34.4,9.0,1.0,10.0,0.181,7.1,-2.0,5.2,4.8,2021-2022
7,Jayson Tatum,23,BOS,SF,76,76,2731,21.8,0.578,0.416,0.3,3.5,20.2,12.1,21.1,1.4,1.6,10.9,32.1,5.0,4.6,9.6,0.169,4.3,0.6,5.0,4.8,2021-2022
8,Kevin Durant,33,BRK,PF,55,55,2047,25.6,0.634,0.269,0.367,1.6,19.6,10.8,29.1,1.1,2.3,12.9,31.2,6.4,2.0,8.4,0.198,6.4,0.7,7.2,4.8,2021-2022
9,Dejounte Murray,25,SAS,PG,68,68,2366,22.3,0.533,0.237,0.199,3.5,21.6,12.5,40.6,2.8,0.8,11.8,27.3,3.9,3.4,7.3,0.149,3.7,1.7,5.4,4.4,2021-2022
10,Karl-Anthony Towns,26,MIN,C,74,74,2476,24.1,0.64,0.301,0.385,8.2,23.6,15.7,18.0,1.4,3.2,13.7,27.8,7.1,3.2,10.3,0.199,4.5,0.5,5.0,4.4,2021-2022
11,Stephen Curry,33,GSW,PG,64,64,2211,21.4,0.601,0.613,0.243,1.7,14.4,8.3,30.4,1.9,1.0,13.2,30.8,4.6,3.4,8.0,0.173,5.4,0.4,5.8,4.4,2021-2022
12,Jimmy Butler,32,MIA,SF,57,57,1931,23.6,0.592,0.14,0.549,6.1,13.5,9.9,26.4,2.4,1.5,10.5,26.5,6.2,2.9,9.2,0.228,4.5,1.9,6.3,4.0,2021-2022
13,Chris Paul,36,PHO,PG,65,65,2139,20.8,0.581,0.27,0.274,1.1,12.8,7.1,44.5,2.7,0.8,15.6,19.7,5.8,3.6,9.4,0.21,3.1,2.3,5.4,4.0,2021-2022
14,Ja Morant,22,MEM,PG,57,57,1889,24.4,0.575,0.218,0.353,4.2,14.1,9.0,34.1,1.7,1.0,12.6,33.7,4.6,2.1,6.7,0.171,6.2,-0.1,6.1,3.9,2021-2022
15,James Harden,32,2TM,PG,65,65,2419,20.9,0.583,0.452,0.54,2.6,19.7,11.3,40.3,1.7,1.3,18.8,27.2,4.9,2.7,7.6,0.152,3.7,0.3,4.0,3.7,2021-2022
16,Donovan Mitchell,25,UTA,SG,67,67,2266,21.6,0.572,0.475,0.227,2.7,10.6,6.8,27.7,2.2,0.5,11.7,32.9,4.7,2.5,7.2,0.152,4.6,-0.3,4.3,3.6,2021-2022
17,Devin Booker,25,PHO,SG,68,68,2345,21.3,0.576,0.336,0.255,2.1,13.2,7.8,22.4,1.6,1.0,9.3,32.0,4.3,3.3,7.6,0.156,3.9,0.2,4.1,3.6,2021-2022
18,Pascal Siakam,27,TOR,PF,68,68,2578,20.3,0.565,0.181,0.314,5.1,20.1,12.2,23.0,1.6,1.6,11.6,25.8,4.9,3.2,8.1,0.151,2.7,0.8,3.5,3.6,2021-2022
19,Rudy Gobert,29,UTA,C,66,66,2120,24.7,0.732,0.008,0.864,12.9,36.3,25.0,5.1,1.0,5.7,14.5,16.9,7.3,4.3,11.7,0.264,2.9,1.7,4.6,3.6,2021-2022
20,Fred VanVleet,27,TOR,PG,65,65,2462,17.3,0.552,0.585,0.202,1.8,11.4,6.4,26.7,2.3,1.4,12.5,23.7,3.9,2.8,6.7,0.131,3.1,0.5,3.6,3.5,2021-2022
